{"stat.useItem.minecraft.bow":1,"stat.walkOneCm":337045,"stat.playerKills":4,"stat.leaveGame":4,"stat.useItem.minecraft.tnt":1,"stat.useItem.minecraft.diamond_sword":67,"stat.useItem.minecraft.end_stone":50,"stat.jump":752,"stat.mineBlock.minecraft.ladder":1,"stat.useItem.minecraft.planks":45,"stat.fallOneCm":25272,"stat.climbOneCm":3521,"stat.crouchOneCm":3407,"stat.mineBlock.minecraft.wool":8,"stat.useItem.minecraft.obsidian":16,"stat.sprintOneCm":86193,"achievement.exploreAllBiomes":{"value":0,"progress":["River","Ocean","Plains","Taiga","Desert","Mega Taiga","TaigaHills","Savanna"]},"achievement.openInventory":36,"stat.useItem.minecraft.egg":4,"stat.damageTaken":32377,"stat.useItem.minecraft.diamond_pickaxe":3,"stat.flyOneCm":141478,"stat.deaths":9,"stat.useItem.minecraft.ender_pearl":16,"stat.playOneMinute":80185,"stat.useItem.minecraft.wooden_sword":19,"stat.mineBlock.minecraft.end_stone":3,"stat.damageDealt":7952,"stat.useItem.minecraft.wool":114,"stat.timeSinceDeath":65}