{"stat.chestOpened":29,"stat.useItem.minecraft.stone":6,"stat.leaveGame":67,"stat.useItem.minecraft.diamond_axe":152,"stat.useItem.minecraft.diamond_sword":109,"stat.useItem.minecraft.potion":13,"stat.mineBlock.minecraft.stained_glass":1,"stat.jump":1781,"stat.fallOneCm":72096,"stat.climbOneCm":3545,"stat.useItem.minecraft.planks":136,"stat.crouchOneCm":7700,"stat.enderchestOpened":4,"stat.useItem.minecraft.obsidian":340,"stat.useItem.minecraft.dirt":76,"achievement.exploreAllBiomes":{"value":0,"progress":["Birch Forest Hills","Savanna Plateau","ForestHills","Birch Forest","Roofed Forest","Plains","TaigaHills","Beach","Mega Taiga Hills","Ice Plains","Jungle","Forest","River","Ocean","Taiga","Desert","Mega Taiga","Extreme Hills","Swampland","Deep Ocean","Savanna"]},"stat.craftingTableInteraction":1,"stat.useItem.minecraft.glass":1,"stat.useItem.minecraft.egg":31,"stat.damageTaken":175278,"stat.mineBlock.minecraft.obsidian":15,"stat.flyOneCm":2076503,"stat.useItem.minecraft.ender_pearl":94,"stat.mineBlock.minecraft.end_stone":20,"stat.damageDealt":22123,"stat.useItem.minecraft.wool":491,"stat.timeSinceDeath":6963,"stat.useItem.minecraft.crafting_table":1,"stat.craftItem.minecraft.stone_slab":6,"stat.walkOneCm":1847337,"stat.useItem.minecraft.torch":47,"stat.playerKills":18,"stat.useItem.minecraft.emerald_block":1,"stat.useItem.minecraft.end_stone":242,"stat.useItem.minecraft.golden_axe":6,"stat.mineBlock.minecraft.wool":24,"stat.useItem.minecraft.leaves":181,"stat.mineBlock.minecraft.stained_hardened_clay":2,"stat.sprintOneCm":226301,"stat.useItem.minecraft.stained_glass":33,"stat.useItem.minecraft.stone_slab":31,"stat.useItem.minecraft.bed":39,"achievement.openInventory":179,"stat.useItem.minecraft.barrier":99,"stat.useItem.minecraft.diamond_pickaxe":50,"stat.useItem.minecraft.stonebrick":9,"stat.useItem.minecraft.golden_apple":16,"stat.deaths":30,"stat.mineBlock.minecraft.planks":23,"stat.drop":1,"stat.playOneMinute":576161,"stat.useItem.minecraft.wooden_sword":16,"stat.mineBlock.minecraft.tallgrass":3}