{"stat.chestOpened":44,"stat.walkOneCm":1267039,"stat.trappedChestTriggered":19,"stat.playerKills":15,"stat.leaveGame":12,"stat.useItem.minecraft.diamond_axe":32,"stat.useItem.minecraft.diamond_sword":194,"stat.useItem.minecraft.end_stone":199,"stat.jump":1978,"stat.mineBlock.minecraft.ladder":2,"stat.fallOneCm":102274,"stat.useItem.minecraft.planks":668,"stat.climbOneCm":11461,"stat.crouchOneCm":25714,"stat.mineBlock.minecraft.wool":41,"stat.enderchestOpened":45,"stat.useItem.minecraft.stained_hardened_clay":94,"stat.useItem.minecraft.obsidian":287,"stat.sprintOneCm":370798,"achievement.exploreAllBiomes":{"value":0,"progress":["ForestHills","Roofed Forest","Plains","TaigaHills","Beach","Mega Taiga Hills","Jungle","Ice Plains","Forest","River","Ocean","Desert","Taiga","Mega Taiga","Swampland","Savanna"]},"achievement.openInventory":102,"stat.useItem.minecraft.egg":26,"stat.damageTaken":176807,"stat.useItem.minecraft.golden_pickaxe":12,"stat.useItem.minecraft.diamond_pickaxe":8,"stat.mineBlock.minecraft.obsidian":6,"stat.useItem.minecraft.golden_apple":1,"stat.flyOneCm":331810,"stat.deaths":32,"stat.useItem.minecraft.ender_pearl":99,"stat.mineBlock.minecraft.planks":2,"stat.drop":19,"stat.playOneMinute":283604,"stat.useItem.minecraft.wooden_sword":66,"stat.useItem.minecraft.ladder":3,"stat.mineBlock.minecraft.end_stone":7,"stat.damageDealt":23340,"stat.useItem.minecraft.wool":308,"stat.timeSinceDeath":41,"stat.mineBlock.minecraft.tallgrass":2}